analysis,n,auc,brier
imputed_main,7086,0.7439994007821743,0.1198794841213709
complete_case,2647,0.7249841382499382,0.1214669200718747
without_bmi_proxy,7086,0.7438946558515925,0.1198886316547055
